{
  "__inputs": [
    {
      "name": "DS_PRTG",
      "label": "PRTG",
      "description": "",
      "type": "datasource",
      "pluginId": "maxmarkusprogram-prtg-datasource",
      "pluginName": "PRTG"
    }
  ],
  "__elements": {},
  "__requires": [
    {
      "type": "grafana",
      "id": "grafana",
      "name": "Grafana",
      "version": "11.3.2"
    },
    {
      "type": "datasource",
      "id": "maxmarkusprogram-prtg-datasource",
      "name": "PRTG",
      "version": "1.0.0"
    },
    {
      "type": "panel",
      "id": "stat",
      "name": "Stat",
      "version": ""
    },
    {
      "type": "panel",
      "id": "timeseries",
      "name": "Time series",
      "version": ""
    }
  ],
  "annotations": {
    "list": [
      {
        "builtIn": 1,
        "datasource": {
          "type": "grafana",
          "uid": "-- Grafana --"
        },
        "enable": true,
        "hide": true,
        "iconColor": "rgba(0, 211, 255, 1)",
        "name": "Annotations & Alerts",
        "type": "dashboard"
      }
    ]
  },
  "editable": true,
  "fiscalYearStartMonth": 0,
  "graphTooltip": 0,
  "id": null,
  "links": [],
  "panels": [
    {
      "datasource": {
        "type": "maxmarkusprogram-prtg-datasource",
        "uid": "${DS_PRTG}"
      },
      "fieldConfig": {
        "defaults": {
          "color": {
            "mode": "palette-classic"
          },
          "custom": {
            "axisBorderShow": false,
            "axisCenteredZero": false,
            "axisColorMode": "text",
            "axisLabel": "",
            "axisPlacement": "auto",
            "barAlignment": 0,
            "barWidthFactor": 0.6,
            "drawStyle": "line",
            "fillOpacity": 0,
            "gradientMode": "none",
            "hideFrom": {
              "legend": false,
              "tooltip": false,
              "viz": false
            },
            "insertNulls": false,
            "lineInterpolation": "linear",
            "lineWidth": 1,
            "pointSize": 5,
            "scaleDistribution": {
              "type": "linear"
            },
            "showPoints": "auto",
            "spanNulls": false,
            "stacking": {
              "group": "A",
              "mode": "none"
            },
            "thresholdsStyle": {
              "mode": "off"
            }
          },
          "mappings": [],
          "thresholds": {
            "mode": "absolute",
            "steps": [
              {
                "color": "green",
                "value": null
              },
              {
                "color": "red",
                "value": 80
              }
            ]
          }
        },
        "overrides": []
      },
      "gridPos": {
        "h": 8,
        "w": 12,
        "x": 0,
        "y": 0
      },
      "id": 3,
      "options": {
        "legend": {
          "calcs": [],
          "displayMode": "list",
          "placement": "bottom",
          "showLegend": true
        },
        "tooltip": {
          "mode": "single",
          "sort": "none"
        }
      },
      "pluginVersion": "11.3.2",
      "targets": [
        {
          "channel": "Maximum",
          "device": "Clearpass-Manager-1",
          "group": "Erwin-Piscator-Haus",
          "includeDeviceName": true,
          "includeGroupName": true,
          "includeSensorName": true,
          "objid": "25183",
          "queryType": "metrics",
          "refId": "A",
          "sensor": "Ping 27",
          "datasource": {
            "type": "maxmarkusprogram-prtg-datasource",
            "uid": "${DS_PRTG}"
          }
        }
      ],
      "title": "Panel Title",
      "type": "timeseries"
    },
    {
      "datasource": {
        "type": "maxmarkusprogram-prtg-datasource",
        "uid": "${DS_PRTG}"
      },
      "fieldConfig": {
        "defaults": {
          "color": {
            "mode": "palette-classic"
          },
          "custom": {
            "axisBorderShow": false,
            "axisCenteredZero": false,
            "axisColorMode": "text",
            "axisLabel": "",
            "axisPlacement": "auto",
            "barAlignment": 0,
            "barWidthFactor": 0.6,
            "drawStyle": "line",
            "fillOpacity": 0,
            "gradientMode": "none",
            "hideFrom": {
              "legend": false,
              "tooltip": false,
              "viz": false
            },
            "insertNulls": false,
            "lineInterpolation": "linear",
            "lineWidth": 1,
            "pointSize": 5,
            "scaleDistribution": {
              "type": "linear"
            },
            "showPoints": "auto",
            "spanNulls": false,
            "stacking": {
              "group": "A",
              "mode": "none"
            },
            "thresholdsStyle": {
              "mode": "off"
            }
          },
          "mappings": [],
          "thresholds": {
            "mode": "absolute",
            "steps": [
              {
                "color": "green",
                "value": null
              },
              {
                "color": "red",
                "value": 80
              }
            ]
          }
        },
        "overrides": []
      },
      "gridPos": {
        "h": 8,
        "w": 12,
        "x": 12,
        "y": 0
      },
      "id": 4,
      "options": {
        "legend": {
          "calcs": [],
          "displayMode": "list",
          "placement": "bottom",
          "showLegend": true
        },
        "tooltip": {
          "mode": "single",
          "sort": "none"
        }
      },
      "pluginVersion": "11.3.2",
      "targets": [
        {
          "channel": "Anzahl der Zustandsobjekte",
          "device": "PRTG Core Server",
          "group": "Hauptgruppe",
          "includeDeviceName": true,
          "includeGroupName": true,
          "includeSensorName": true,
          "objid": "1006",
          "queryType": "metrics",
          "refId": "A",
          "sensor": "Serverzustand (Autonom)",
          "datasource": {
            "type": "maxmarkusprogram-prtg-datasource",
            "uid": "${DS_PRTG}"
          }
        }
      ],
      "title": "Panel Title",
      "type": "timeseries"
    },
    {
      "datasource": {
        "type": "maxmarkusprogram-prtg-datasource",
        "uid": "${DS_PRTG}"
      },
      "fieldConfig": {
        "defaults": {
          "color": {
            "mode": "palette-classic"
          },
          "custom": {
            "axisBorderShow": false,
            "axisCenteredZero": false,
            "axisColorMode": "text",
            "axisLabel": "",
            "axisPlacement": "auto",
            "barAlignment": 0,
            "barWidthFactor": 0.6,
            "drawStyle": "line",
            "fillOpacity": 14,
            "gradientMode": "opacity",
            "hideFrom": {
              "legend": false,
              "tooltip": false,
              "viz": false
            },
            "insertNulls": false,
            "lineInterpolation": "linear",
            "lineWidth": 3,
            "pointSize": 5,
            "scaleDistribution": {
              "type": "linear"
            },
            "showPoints": "auto",
            "spanNulls": false,
            "stacking": {
              "group": "A",
              "mode": "none"
            },
            "thresholdsStyle": {
              "mode": "off"
            }
          },
          "mappings": [],
          "thresholds": {
            "mode": "absolute",
            "steps": [
              {
                "color": "green",
                "value": null
              },
              {
                "color": "red",
                "value": 80
              }
            ]
          }
        },
        "overrides": []
      },
      "gridPos": {
        "h": 8,
        "w": 12,
        "x": 0,
        "y": 8
      },
      "id": 1,
      "options": {
        "legend": {
          "calcs": [],
          "displayMode": "list",
          "placement": "bottom",
          "showLegend": true
        },
        "tooltip": {
          "mode": "single",
          "sort": "none"
        }
      },
      "pluginVersion": "11.3.2",
      "targets": [
        {
          "channel": "Temperatur",
          "datasource": {
            "type": "maxmarkusprogram-prtg-datasource",
            "uid": "${DS_PRTG}"
          },
          "device": "Analogüberwachung RZ1",
          "filterProperty": "status",
          "group": "Rechenzentrum RZ1",
          "objid": "30869",
          "property": "device",
          "queryType": "metrics",
          "refId": "A",
          "sensor": "Temperatur USV 2"
        },
        {
          "channel": "Temperatur",
          "datasource": {
            "type": "maxmarkusprogram-prtg-datasource",
            "uid": "${DS_PRTG}"
          },
          "device": "Analogüberwachung RZ1",
          "filterProperty": "status",
          "group": "Rechenzentrum RZ1",
          "hide": false,
          "objid": "30870",
          "property": "group",
          "queryType": "metrics",
          "refId": "B",
          "sensor": "Temperatur USV 1"
        }
      ],
      "title": "Panel Title",
      "type": "timeseries"
    },
    {
      "datasource": {
        "type": "maxmarkusprogram-prtg-datasource",
        "uid": "${DS_PRTG}"
      },
      "fieldConfig": {
        "defaults": {
          "color": {
            "mode": "thresholds"
          },
          "mappings": [],
          "thresholds": {
            "mode": "absolute",
            "steps": [
              {
                "color": "green",
                "value": null
              },
              {
                "color": "red",
                "value": 80
              }
            ]
          }
        },
        "overrides": []
      },
      "gridPos": {
        "h": 8,
        "w": 12,
        "x": 12,
        "y": 8
      },
      "id": 2,
      "options": {
        "colorMode": "value",
        "graphMode": "area",
        "justifyMode": "auto",
        "orientation": "auto",
        "percentChangeColorMode": "standard",
        "reduceOptions": {
          "calcs": [
            "lastNotNull"
          ],
          "fields": "",
          "values": false
        },
        "showPercentChange": false,
        "textMode": "auto",
        "wideLayout": true
      },
      "pluginVersion": "11.3.2",
      "targets": [
        {
          "channel": "Temperatur",
          "datasource": {
            "type": "maxmarkusprogram-prtg-datasource",
            "uid": "${DS_PRTG}"
          },
          "device": "Analogüberwachung RZ1",
          "filterProperty": "status",
          "group": "Rechenzentrum RZ1",
          "objid": "30869",
          "property": "device",
          "queryType": "metrics",
          "refId": "A",
          "sensor": "Temperatur USV 2"
        },
        {
          "channel": "Temperatur",
          "datasource": {
            "type": "maxmarkusprogram-prtg-datasource",
            "uid": "${DS_PRTG}"
          },
          "device": "Analogüberwachung RZ1",
          "filterProperty": "status",
          "group": "Rechenzentrum RZ1",
          "hide": false,
          "objid": "30870",
          "property": "group",
          "queryType": "metrics",
          "refId": "B",
          "sensor": "Temperatur USV 1"
        }
      ],
      "title": "Panel Title",
      "type": "stat"
    }
  ],
  "schemaVersion": 40,
  "tags": [],
  "templating": {
    "list": []
  },
  "time": {
    "from": "now-6h",
    "to": "now"
  },
  "timepicker": {},
  "timezone": "browser",
  "title": "Demo",
  "uid": "cedc6kt7i74e8d",
  "version": 6,
  "weekStart": ""
}