{
  "annotations": {
    "list": [
      {
        "builtIn": 1,
        "datasource": {
          "type": "grafana",
          "uid": "-- Grafana --"
        },
        "enable": true,
        "hide": true,
        "iconColor": "rgba(0, 211, 255, 1)",
        "name": "Annotations & Alerts",
        "type": "dashboard"
      },
      {
        "datasource": {
          "type": "maxmarkusprogram-prtg-datasource",
          "uid": "bec28xnmivq4gf"
        },
        "enable": true,
        "filter": {
          "exclude": false,
          "ids": [
            4,
            9
          ]
        },
        "hide": false,
        "iconColor": "red",
        "name": "Annotion"
      }
    ]
  },
  "editable": true,
  "fiscalYearStartMonth": 0,
  "graphTooltip": 0,
  "id": 6,
  "links": [],
  "panels": [
    {
      "datasource": {
        "type": "maxmarkusprogram-prtg-datasource",
        "uid": "bec28xnmivq4gf"
      },
      "fieldConfig": {
        "defaults": {
          "color": {
            "mode": "palette-classic"
          },
          "custom": {
            "axisBorderShow": false,
            "axisCenteredZero": false,
            "axisColorMode": "text",
            "axisLabel": "",
            "axisPlacement": "auto",
            "barAlignment": 0,
            "barWidthFactor": 0.6,
            "drawStyle": "line",
            "fillOpacity": 0,
            "gradientMode": "none",
            "hideFrom": {
              "legend": false,
              "tooltip": false,
              "viz": false
            },
            "insertNulls": false,
            "lineInterpolation": "linear",
            "lineWidth": 1,
            "pointSize": 5,
            "scaleDistribution": {
              "type": "linear"
            },
            "showPoints": "auto",
            "spanNulls": false,
            "stacking": {
              "group": "A",
              "mode": "none"
            },
            "thresholdsStyle": {
              "mode": "off"
            }
          },
          "mappings": [],
          "thresholds": {
            "mode": "absolute",
            "steps": [
              {
                "color": "green",
                "value": null
              },
              {
                "color": "red",
                "value": 80
              }
            ]
          }
        },
        "overrides": []
      },
      "gridPos": {
        "h": 10,
        "w": 12,
        "x": 0,
        "y": 0
      },
      "id": 10,
      "options": {
        "legend": {
          "calcs": [],
          "displayMode": "list",
          "placement": "bottom",
          "showLegend": true
        },
        "tooltip": {
          "hideZeros": false,
          "mode": "single",
          "sort": "none"
        }
      },
      "pluginVersion": "11.5.0",
      "targets": [
        {
          "channel": "API-Anforderungen (Geschwindigkeit)",
          "channels": [
            "API-Anforderungen (Geschwindigkeit)",
            "Durchschnittliche CPU-Last (%)"
          ],
          "device": "PRTG Core Server",
          "group": "Hauptgruppe",
          "objid": "31440",
          "queryType": "metrics",
          "refId": "A",
          "sensor": "Zustand des PRTG Application Servers (Autonom)"
        }
      ],
      "title": "Panel Title",
      "type": "timeseries"
    },
    {
      "datasource": {
        "type": "maxmarkusprogram-prtg-datasource",
        "uid": "bec28xnmivq4gf"
      },
      "fieldConfig": {
        "defaults": {
          "color": {
            "mode": "thresholds"
          },
          "mappings": [],
          "thresholds": {
            "mode": "absolute",
            "steps": [
              {
                "color": "green",
                "value": null
              },
              {
                "color": "red",
                "value": 80
              }
            ]
          }
        },
        "overrides": []
      },
      "gridPos": {
        "h": 5,
        "w": 6,
        "x": 12,
        "y": 0
      },
      "id": 4,
      "options": {
        "colorMode": "value",
        "graphMode": "area",
        "justifyMode": "auto",
        "orientation": "auto",
        "percentChangeColorMode": "standard",
        "reduceOptions": {
          "calcs": [
            "lastNotNull"
          ],
          "fields": "",
          "values": false
        },
        "showPercentChange": false,
        "textMode": "auto",
        "wideLayout": true
      },
      "pluginVersion": "11.5.0",
      "targets": [
        {
          "channel": "Temperatur",
          "device": "Analogüberwachung RZ1",
          "group": "Rechenzentrum RZ1",
          "includeDeviceName": true,
          "includeGroupName": true,
          "includeSensorName": true,
          "objid": "30869",
          "queryType": "metrics",
          "refId": "A",
          "sensor": "Temperatur USV 2"
        },
        {
          "channel": "Temperatur",
          "datasource": {
            "type": "maxmarkusprogram-prtg-datasource",
            "uid": "bec28xnmivq4gf"
          },
          "device": "Analogüberwachung RZ1",
          "group": "Rechenzentrum RZ1",
          "hide": false,
          "includeDeviceName": true,
          "includeGroupName": true,
          "objid": "30870",
          "queryType": "metrics",
          "refId": "B",
          "sensor": "Temperatur USV 1"
        }
      ],
      "title": "Panel Title",
      "type": "stat"
    },
    {
      "datasource": {
        "type": "maxmarkusprogram-prtg-datasource",
        "uid": "bec28xnmivq4gf"
      },
      "fieldConfig": {
        "defaults": {
          "color": {
            "mode": "palette-classic"
          },
          "custom": {
            "hideFrom": {
              "legend": false,
              "tooltip": false,
              "viz": false
            }
          },
          "mappings": []
        },
        "overrides": []
      },
      "gridPos": {
        "h": 5,
        "w": 6,
        "x": 18,
        "y": 0
      },
      "id": 6,
      "options": {
        "legend": {
          "displayMode": "list",
          "placement": "bottom",
          "showLegend": true
        },
        "pieType": "pie",
        "reduceOptions": {
          "calcs": [
            "lastNotNull"
          ],
          "fields": "",
          "values": false
        },
        "tooltip": {
          "hideZeros": false,
          "mode": "single",
          "sort": "none"
        }
      },
      "pluginVersion": "11.5.0",
      "targets": [
        {
          "channel": "Temperatur",
          "device": "Analogüberwachung RZ1",
          "group": "Rechenzentrum RZ1",
          "includeDeviceName": true,
          "includeGroupName": true,
          "includeSensorName": true,
          "objid": "30869",
          "queryType": "metrics",
          "refId": "A",
          "sensor": "Temperatur USV 2"
        },
        {
          "channel": "Temperatur",
          "datasource": {
            "type": "maxmarkusprogram-prtg-datasource",
            "uid": "bec28xnmivq4gf"
          },
          "device": "Analogüberwachung RZ1",
          "group": "Rechenzentrum RZ1",
          "hide": false,
          "includeDeviceName": true,
          "includeGroupName": true,
          "objid": "30870",
          "queryType": "metrics",
          "refId": "B",
          "sensor": "Temperatur USV 1"
        }
      ],
      "title": "Panel Title",
      "type": "piechart"
    },
    {
      "datasource": {
        "type": "maxmarkusprogram-prtg-datasource",
        "uid": "bec28xnmivq4gf"
      },
      "fieldConfig": {
        "defaults": {
          "color": {
            "mode": "palette-classic"
          },
          "custom": {
            "axisBorderShow": false,
            "axisCenteredZero": false,
            "axisColorMode": "text",
            "axisLabel": "",
            "axisPlacement": "auto",
            "barAlignment": 0,
            "barWidthFactor": 0.6,
            "drawStyle": "line",
            "fillOpacity": 0,
            "gradientMode": "none",
            "hideFrom": {
              "legend": false,
              "tooltip": false,
              "viz": false
            },
            "insertNulls": false,
            "lineInterpolation": "linear",
            "lineWidth": 1,
            "pointSize": 5,
            "scaleDistribution": {
              "type": "linear"
            },
            "showPoints": "auto",
            "spanNulls": false,
            "stacking": {
              "group": "A",
              "mode": "none"
            },
            "thresholdsStyle": {
              "mode": "off"
            }
          },
          "mappings": [],
          "thresholds": {
            "mode": "absolute",
            "steps": [
              {
                "color": "green",
                "value": null
              },
              {
                "color": "red",
                "value": 80
              }
            ]
          }
        },
        "overrides": []
      },
      "gridPos": {
        "h": 5,
        "w": 6,
        "x": 12,
        "y": 5
      },
      "id": 1,
      "options": {
        "legend": {
          "calcs": [],
          "displayMode": "list",
          "placement": "bottom",
          "showLegend": true
        },
        "tooltip": {
          "hideZeros": false,
          "mode": "single",
          "sort": "none"
        }
      },
      "pluginVersion": "11.5.0",
      "targets": [
        {
          "channel": "Freier physikalischer Speicher",
          "datasource": {
            "type": "maxmarkusprogram-prtg-datasource",
            "uid": "bec28xnmivq4gf"
          },
          "device": "PRTG Core Server",
          "group": "Hauptgruppe",
          "objid": "1006",
          "queryType": "metrics",
          "refId": "A",
          "sensor": "Serverzustand (Autonom)"
        }
      ],
      "title": "Panel Title",
      "type": "timeseries"
    },
    {
      "datasource": {
        "type": "maxmarkusprogram-prtg-datasource",
        "uid": "bec28xnmivq4gf"
      },
      "fieldConfig": {
        "defaults": {
          "color": {
            "mode": "palette-classic"
          },
          "custom": {
            "axisBorderShow": false,
            "axisCenteredZero": false,
            "axisColorMode": "text",
            "axisLabel": "",
            "axisPlacement": "auto",
            "barAlignment": 0,
            "barWidthFactor": 0.6,
            "drawStyle": "line",
            "fillOpacity": 0,
            "gradientMode": "none",
            "hideFrom": {
              "legend": false,
              "tooltip": false,
              "viz": false
            },
            "insertNulls": false,
            "lineInterpolation": "linear",
            "lineWidth": 1,
            "pointSize": 5,
            "scaleDistribution": {
              "type": "linear"
            },
            "showPoints": "auto",
            "spanNulls": false,
            "stacking": {
              "group": "A",
              "mode": "none"
            },
            "thresholdsStyle": {
              "mode": "off"
            }
          },
          "mappings": [],
          "thresholds": {
            "mode": "absolute",
            "steps": [
              {
                "color": "green",
                "value": null
              },
              {
                "color": "red",
                "value": 80
              }
            ]
          }
        },
        "overrides": []
      },
      "gridPos": {
        "h": 5,
        "w": 6,
        "x": 18,
        "y": 5
      },
      "id": 2,
      "options": {
        "legend": {
          "calcs": [],
          "displayMode": "list",
          "placement": "bottom",
          "showLegend": true
        },
        "tooltip": {
          "hideZeros": false,
          "mode": "single",
          "sort": "none"
        }
      },
      "pluginVersion": "11.5.0",
      "targets": [
        {
          "channel": "CPU 1",
          "device": "SW-Teppich-1OG-3750X-125",
          "group": "Barfüßer Tor",
          "objid": "19283",
          "queryType": "metrics",
          "refId": "A",
          "sensor": "System Health Prozessor"
        }
      ],
      "title": "Panel Title",
      "type": "timeseries"
    },
    {
      "datasource": {
        "type": "maxmarkusprogram-prtg-datasource",
        "uid": "bec28xnmivq4gf"
      },
      "fieldConfig": {
        "defaults": {
          "color": {
            "mode": "palette-classic"
          },
          "custom": {
            "axisBorderShow": false,
            "axisCenteredZero": false,
            "axisColorMode": "text",
            "axisLabel": "",
            "axisPlacement": "auto",
            "barAlignment": 0,
            "barWidthFactor": 0.6,
            "drawStyle": "line",
            "fillOpacity": 0,
            "gradientMode": "none",
            "hideFrom": {
              "legend": false,
              "tooltip": false,
              "viz": false
            },
            "insertNulls": false,
            "lineInterpolation": "linear",
            "lineWidth": 1,
            "pointSize": 5,
            "scaleDistribution": {
              "type": "linear"
            },
            "showPoints": "auto",
            "spanNulls": false,
            "stacking": {
              "group": "A",
              "mode": "none"
            },
            "thresholdsStyle": {
              "mode": "off"
            }
          },
          "mappings": [],
          "thresholds": {
            "mode": "absolute",
            "steps": [
              {
                "color": "green",
                "value": null
              },
              {
                "color": "red",
                "value": 80
              }
            ]
          }
        },
        "overrides": []
      },
      "gridPos": {
        "h": 10,
        "w": 12,
        "x": 0,
        "y": 10
      },
      "id": 9,
      "options": {
        "legend": {
          "calcs": [],
          "displayMode": "list",
          "placement": "bottom",
          "showLegend": true
        },
        "tooltip": {
          "hideZeros": false,
          "mode": "single",
          "sort": "none"
        }
      },
      "pluginVersion": "11.5.0",
      "targets": [
        {
          "channel": "Ping-Zeit",
          "device": "SW-RZ1-Stack-242",
          "group": "Netzwerk",
          "objid": "30798",
          "queryType": "metrics",
          "refId": "A",
          "sensor": "Ping 112"
        }
      ],
      "title": "Panel Title",
      "type": "timeseries"
    },
    {
      "datasource": {
        "type": "maxmarkusprogram-prtg-datasource",
        "uid": "bec28xnmivq4gf"
      },
      "fieldConfig": {
        "defaults": {
          "color": {
            "mode": "palette-classic"
          },
          "custom": {
            "axisBorderShow": false,
            "axisCenteredZero": false,
            "axisColorMode": "text",
            "axisLabel": "",
            "axisPlacement": "auto",
            "barAlignment": 0,
            "barWidthFactor": 0.6,
            "drawStyle": "line",
            "fillOpacity": 16,
            "gradientMode": "none",
            "hideFrom": {
              "legend": false,
              "tooltip": false,
              "viz": false
            },
            "insertNulls": false,
            "lineInterpolation": "linear",
            "lineWidth": 1,
            "pointSize": 5,
            "scaleDistribution": {
              "type": "linear"
            },
            "showPoints": "auto",
            "spanNulls": false,
            "stacking": {
              "group": "A",
              "mode": "none"
            },
            "thresholdsStyle": {
              "mode": "off"
            }
          },
          "mappings": [],
          "thresholds": {
            "mode": "absolute",
            "steps": [
              {
                "color": "green",
                "value": null
              },
              {
                "color": "red",
                "value": 80
              }
            ]
          }
        },
        "overrides": []
      },
      "gridPos": {
        "h": 5,
        "w": 6,
        "x": 12,
        "y": 10
      },
      "id": 5,
      "options": {
        "legend": {
          "calcs": [],
          "displayMode": "list",
          "placement": "bottom",
          "showLegend": true
        },
        "tooltip": {
          "hideZeros": false,
          "mode": "single",
          "sort": "none"
        }
      },
      "pluginVersion": "11.5.0",
      "targets": [
        {
          "channel": "Temperatur",
          "channels": [
            "Temperatur"
          ],
          "device": "Analogüberwachung RZ1",
          "group": "Rechenzentrum RZ1",
          "objid": "30870",
          "queryType": "metrics",
          "refId": "A",
          "sensor": "Temperatur USV 1"
        },
        {
          "channel": "Temperatur",
          "datasource": {
            "type": "maxmarkusprogram-prtg-datasource",
            "uid": "bec28xnmivq4gf"
          },
          "device": "Analogüberwachung RZ1",
          "group": "Rechenzentrum RZ1",
          "hide": false,
          "objid": "30869",
          "queryType": "metrics",
          "refId": "B",
          "sensor": "Temperatur USV 2"
        }
      ],
      "title": "Panel Title",
      "type": "timeseries"
    },
    {
      "datasource": {
        "type": "maxmarkusprogram-prtg-datasource",
        "uid": "bec28xnmivq4gf"
      },
      "fieldConfig": {
        "defaults": {
          "color": {
            "mode": "palette-classic"
          },
          "custom": {
            "axisBorderShow": false,
            "axisCenteredZero": false,
            "axisColorMode": "text",
            "axisLabel": "",
            "axisPlacement": "auto",
            "barAlignment": 0,
            "barWidthFactor": 0.6,
            "drawStyle": "line",
            "fillOpacity": 0,
            "gradientMode": "none",
            "hideFrom": {
              "legend": false,
              "tooltip": false,
              "viz": false
            },
            "insertNulls": false,
            "lineInterpolation": "linear",
            "lineWidth": 1,
            "pointSize": 5,
            "scaleDistribution": {
              "type": "linear"
            },
            "showPoints": "auto",
            "spanNulls": false,
            "stacking": {
              "group": "A",
              "mode": "none"
            },
            "thresholdsStyle": {
              "mode": "off"
            }
          },
          "mappings": [],
          "thresholds": {
            "mode": "absolute",
            "steps": [
              {
                "color": "green",
                "value": null
              },
              {
                "color": "red",
                "value": 80
              }
            ]
          }
        },
        "overrides": []
      },
      "gridPos": {
        "h": 5,
        "w": 6,
        "x": 18,
        "y": 10
      },
      "id": 7,
      "options": {
        "legend": {
          "calcs": [],
          "displayMode": "list",
          "placement": "bottom",
          "showLegend": true
        },
        "tooltip": {
          "hideZeros": false,
          "mode": "single",
          "sort": "none"
        }
      },
      "pluginVersion": "11.5.0",
      "targets": [
        {
          "channel": "Temperatur",
          "device": "Analogüberwachung RZ1",
          "group": "Rechenzentrum RZ1",
          "includeSensorName": true,
          "objid": "30871",
          "queryType": "metrics",
          "refId": "A",
          "sensor": "Temperatur RZ-Kaltgang 1"
        },
        {
          "channel": "Temperatur",
          "datasource": {
            "type": "maxmarkusprogram-prtg-datasource",
            "uid": "bec28xnmivq4gf"
          },
          "device": "Analogüberwachung RZ1",
          "group": "Rechenzentrum RZ1",
          "hide": false,
          "includeSensorName": true,
          "objid": "30868",
          "queryType": "metrics",
          "refId": "B",
          "sensor": "Temperatur RZ-Kaltgang 2"
        },
        {
          "channel": "Temperatur",
          "datasource": {
            "type": "maxmarkusprogram-prtg-datasource",
            "uid": "bec28xnmivq4gf"
          },
          "device": "Analogüberwachung RZ1",
          "group": "Rechenzentrum RZ1",
          "hide": false,
          "includeSensorName": true,
          "objid": "30873",
          "queryType": "metrics",
          "refId": "C",
          "sensor": "Temperatur RZ-Warmgang 2"
        },
        {
          "channel": "Luftfeuchtigkeit",
          "datasource": {
            "type": "maxmarkusprogram-prtg-datasource",
            "uid": "bec28xnmivq4gf"
          },
          "device": "Analogüberwachung RZ1",
          "group": "Rechenzentrum RZ1",
          "hide": false,
          "objid": "30878",
          "queryType": "metrics",
          "refId": "D",
          "sensor": "Luftfeuchtigkeit RZ-Warmgang 2"
        }
      ],
      "title": "Panel Title",
      "type": "timeseries"
    },
    {
      "datasource": {
        "type": "maxmarkusprogram-prtg-datasource",
        "uid": "bec28xnmivq4gf"
      },
      "fieldConfig": {
        "defaults": {
          "color": {
            "mode": "palette-classic"
          },
          "custom": {
            "axisBorderShow": false,
            "axisCenteredZero": false,
            "axisColorMode": "text",
            "axisLabel": "",
            "axisPlacement": "auto",
            "barAlignment": 0,
            "barWidthFactor": 0.6,
            "drawStyle": "line",
            "fillOpacity": 0,
            "gradientMode": "none",
            "hideFrom": {
              "legend": false,
              "tooltip": false,
              "viz": false
            },
            "insertNulls": false,
            "lineInterpolation": "linear",
            "lineWidth": 1,
            "pointSize": 5,
            "scaleDistribution": {
              "type": "linear"
            },
            "showPoints": "auto",
            "spanNulls": false,
            "stacking": {
              "group": "A",
              "mode": "none"
            },
            "thresholdsStyle": {
              "mode": "off"
            }
          },
          "mappings": [],
          "thresholds": {
            "mode": "absolute",
            "steps": [
              {
                "color": "green",
                "value": null
              },
              {
                "color": "red",
                "value": 80
              }
            ]
          }
        },
        "overrides": []
      },
      "gridPos": {
        "h": 5,
        "w": 6,
        "x": 12,
        "y": 15
      },
      "id": 3,
      "options": {
        "legend": {
          "calcs": [],
          "displayMode": "list",
          "placement": "bottom",
          "showLegend": true
        },
        "tooltip": {
          "hideZeros": false,
          "mode": "single",
          "sort": "none"
        }
      },
      "pluginVersion": "11.5.0",
      "targets": [
        {
          "channel": "Ping-Zeit",
          "device": "SW-BARF11-EG-3750X-058",
          "group": "Oberstadt",
          "objid": "26151",
          "queryType": "metrics",
          "refId": "A",
          "sensor": "Ping 1"
        }
      ],
      "title": "Panel Title",
      "type": "timeseries"
    },
    {
      "datasource": {
        "type": "maxmarkusprogram-prtg-datasource",
        "uid": "bec28xnmivq4gf"
      },
      "fieldConfig": {
        "defaults": {
          "color": {
            "mode": "palette-classic"
          },
          "custom": {
            "axisBorderShow": false,
            "axisCenteredZero": false,
            "axisColorMode": "text",
            "axisLabel": "",
            "axisPlacement": "auto",
            "barAlignment": 0,
            "barWidthFactor": 0.6,
            "drawStyle": "line",
            "fillOpacity": 0,
            "gradientMode": "none",
            "hideFrom": {
              "legend": false,
              "tooltip": false,
              "viz": false
            },
            "insertNulls": false,
            "lineInterpolation": "linear",
            "lineWidth": 1,
            "pointSize": 5,
            "scaleDistribution": {
              "type": "linear"
            },
            "showPoints": "auto",
            "spanNulls": false,
            "stacking": {
              "group": "A",
              "mode": "none"
            },
            "thresholdsStyle": {
              "mode": "off"
            }
          },
          "mappings": [],
          "thresholds": {
            "mode": "absolute",
            "steps": [
              {
                "color": "green",
                "value": null
              },
              {
                "color": "red",
                "value": 80
              }
            ]
          }
        },
        "overrides": []
      },
      "gridPos": {
        "h": 5,
        "w": 6,
        "x": 18,
        "y": 15
      },
      "id": 8,
      "options": {
        "legend": {
          "calcs": [],
          "displayMode": "list",
          "placement": "bottom",
          "showLegend": true
        },
        "tooltip": {
          "hideZeros": false,
          "mode": "single",
          "sort": "none"
        }
      },
      "pluginVersion": "11.5.0",
      "targets": [
        {
          "channel": "Datenverkehr eingehend (Geschwindigkeit)",
          "device": "SW-RZ1-Stack-242",
          "group": "Netzwerk",
          "objid": "31062",
          "queryType": "metrics",
          "refId": "A",
          "sensor": "(286) RZ1-RZ2 Traffic"
        },
        {
          "channel": "Datenverkehr ausgehend (Geschwindigkeit)",
          "datasource": {
            "type": "maxmarkusprogram-prtg-datasource",
            "uid": "bec28xnmivq4gf"
          },
          "device": "SW-RZ1-Stack-242",
          "group": "Netzwerk",
          "hide": false,
          "objid": "31062",
          "queryType": "metrics",
          "refId": "B",
          "sensor": "(286) RZ1-RZ2 Traffic"
        }
      ],
      "title": "Panel Title",
      "type": "timeseries"
    }
  ],
  "preload": false,
  "refresh": "5s",
  "schemaVersion": 40,
  "tags": [],
  "templating": {
    "list": [
      {
        "current": {
          "text": [],
          "value": []
        },
        "description": "alfa",
        "includeAll": false,
        "label": "Mustafa",
        "multi": true,
        "name": "query0",
        "options": [],
        "query": "",
        "refresh": 2,
        "regex": "",
        "sort": 3,
        "type": "query"
      }
    ]
  },
  "time": {
    "from": "now-12h",
    "to": "now"
  },
  "timepicker": {},
  "timezone": "browser",
  "title": "Demo",
  "uid": "aedftevavl4aoe",
  "version": 22,
  "weekStart": ""
}